year,gdp_usd
2010,1.66937E+13
2011,1.70468E+13
2012,1.73999E+13
2013,1.7753E+13
2014,1.81062E+13
2015,1.84593E+13
2016,1.89587E+13
2017,1.94581E+13
2018,1.99576E+13
2019,2.0457E+13
2020,2.09564E+13
2021,2.14657E+13
2022,2.19749E+13
2023,2.24841E+13
2024,2.29934E+13
2025,2.35026E+13
2026,2.40403E+13
2027,2.4578E+13
2028,2.51157E+13
2029,2.56534E+13
2030,2.61912E+13
2031,2.67359E+13
2032,2.72806E+13
2033,2.78253E+13
2034,2.837E+13
2035,2.89148E+13
2036,2.95543E+13
2037,3.01938E+13
2038,3.08333E+13
2039,3.14729E+13
2040,3.21124E+13
2041,3.27289E+13
2042,3.33453E+13
2043,3.39618E+13
2044,3.45782E+13
2045,3.51947E+13
2046,3.58513E+13
2047,3.65079E+13
2048,3.71644E+13
2049,3.7821E+13
2050,3.84776E+13
2051,3.91749E+13
2052,3.98723E+13
2053,4.05696E+13
2054,4.12669E+13
2055,4.19642E+13
2056,4.27023E+13
2057,4.34403E+13
2058,4.41784E+13
2059,4.49165E+13
2060,4.56545E+13
2061,4.64331E+13
2062,4.72117E+13
2063,4.79902E+13
2064,4.87688E+13
2065,4.95474E+13
2066,5.0366E+13
2067,5.11845E+13
2068,5.20031E+13
2069,5.28217E+13
2070,5.36403E+13
2071,5.44979E+13
2072,5.53556E+13
2073,5.62133E+13
2074,5.7071E+13
2075,5.79287E+13
2076,5.8824E+13
2077,5.97194E+13
2078,6.06147E+13
2079,6.15101E+13
2080,6.24055E+13
2081,6.33349E+13
2082,6.42644E+13
2083,6.51939E+13
2084,6.61233E+13
2085,6.70528E+13
2086,6.80177E+13
2087,6.89826E+13
2088,6.99475E+13
2089,7.09124E+13
2090,7.18773E+13
2091,7.28739E+13
2092,7.38705E+13
2093,7.48671E+13
2094,7.58636E+13
2095,7.68602E+13
2096,7.7886E+13
2097,7.89118E+13
2098,7.99376E+13
2099,8.09634E+13
2100,8.19892E+13
