"year","gdp_usd"
2010,1.66937e+13
2011,1.70468e+13
2012,1.73999e+13
2013,1.7753e+13
2014,1.81062e+13
2015,1.84593e+13
2016,1.89587e+13
2017,1.94581e+13
2018,1.99576e+13
2019,2.0457e+13
2020,2.09564e+13
2021,2.14657e+13
2022,2.19749e+13
2023,2.24841e+13
2024,2.29934e+13
2025,2.35026e+13
2026,2.40403e+13
2027,2.4578e+13
2028,2.51157e+13
2029,2.56534e+13
2030,2.61912e+13
2031,2.67359e+13
2032,2.72806e+13
2033,2.78253e+13
2034,2.837e+13
2035,2.89148e+13
2036,2.95543e+13
2037,3.01938e+13
2038,3.08333e+13
2039,3.14729e+13
2040,3.21124e+13
2041,3.27289e+13
2042,3.33453e+13
2043,3.39618e+13
2044,3.45782e+13
2045,3.51947e+13
2046,3.58513e+13
2047,3.65079e+13
2048,3.71644e+13
2049,3.7821e+13
2050,3.84776e+13
2051,3.91749e+13
2052,3.98723e+13
2053,4.05696e+13
2054,4.12669e+13
2055,4.19642e+13
2056,4.27023e+13
2057,4.34403e+13
2058,4.41784e+13
2059,4.49165e+13
2060,4.56545e+13
2061,4.64331e+13
2062,4.72117e+13
2063,4.79902e+13
2064,4.87688e+13
2065,4.95474e+13
2066,5.0366e+13
2067,5.11845e+13
2068,5.20031e+13
2069,5.28217e+13
2070,5.36403e+13
2071,5.44979e+13
2072,5.53556e+13
2073,5.62133e+13
2074,5.7071e+13
2075,5.79287e+13
2076,5.8824e+13
2077,5.97194e+13
2078,6.06147e+13
2079,6.15101e+13
2080,6.24055e+13
2081,6.33349e+13
2082,6.42644e+13
2083,6.51939e+13
2084,6.61233e+13
2085,6.70528e+13
2086,6.80177e+13
2087,6.89826e+13
2088,6.99475e+13
2089,7.09124e+13
2090,7.18773e+13
2091,7.28739e+13
2092,7.38705e+13
2093,7.48671e+13
2094,7.58636e+13
2095,7.68602e+13
2096,7.7886e+13
2097,7.89118e+13
2098,7.99376e+13
2099,8.09634e+13
2100,8.19892e+13
